year,partner,flow,Manufactured goods,Agri-food products,Minerals & fuels,Precious metals & stones
2015,Algeria,Canada exports,277793.831508,706396.045814,187.33414,2.313781
2015,Algeria,Canada imports,21652.994815,5422.515136,1131205.475941,0.0
2015,Angola,Canada exports,50698.85574,124596.311805,22.864711,0.449018
2015,Angola,Canada imports,1811.939931,0.0,938960.730472,1276.903694
2015,Benin,Canada exports,24972.81608,12846.603045,,0.0
2015,Benin,Canada imports,56.482386,18.121544,,0.129009
2015,Botswana,Canada exports,15793.381205,46.37614,1.397316,870482.859201
2015,Botswana,Canada imports,364.592193,1.747482,0.028482,662715.402983
2015,Br. Indian Ocean Terr.,Canada exports,24.404439,0.001675,,
2015,Br. Indian Ocean Terr.,Canada imports,28.856079,0.035184,,
2015,Burkina Faso,Canada exports,48173.51908,5744.839364,24.240246,1.455956
2015,Burkina Faso,Canada imports,18180.095426,305.414027,43787.59613,4271.121898
2015,Burundi,Canada exports,1124.621404,3472.138739,,
2015,Burundi,Canada imports,50.893123,628.406755,,
2015,Cabo Verde,Canada exports,1278.244045,3243.545248,,5.793667
2015,Cabo Verde,Canada imports,110.70293,6.532535,,0.0
2015,Cameroon,Canada exports,25374.728668,85627.226819,94.265202,0.0
2015,Cameroon,Canada imports,8013.51391,665.792492,4.672798,23.26514
2015,Central African Rep.,Canada exports,2172.737256,0.0,,
2015,Central African Rep.,Canada imports,391.494711,98.105307,,
2015,Chad,Canada exports,12730.783325,12.746737,3.763035,0.0
2015,Chad,Canada imports,76.281044,189.763526,1.177833,0.05864
2015,Comoros,Canada exports,721.095369,34.74357,,
2015,Comoros,Canada imports,74.980904,57.331833,,
2015,Congo,Canada exports,36423.395098,8018.362629,2.844895,0.0
2015,Congo,Canada imports,54255.739839,156.953412,90314.453945,34.532465
2015,Côte d'Ivoire,Canada exports,74581.3701,15207.341266,54.957737,4.954272
2015,Côte d'Ivoire,Canada imports,14138.235519,301423.254113,98001.85546,0.707035
2015,Dem. Rep. of the Congo,Canada exports,59747.768922,20812.244647,13094.288159,0.0955
2015,Dem. Rep. of the Congo,Canada imports,97715.152732,120.432202,260.765263,6.748667
2015,Djibouti,Canada exports,2159.642028,0.0,6.559342,
2015,Djibouti,Canada imports,9.402561,6.157237,0.0,
2015,Egypt,Canada exports,296096.44003,279257.39079,44746.66242,104.993035
2015,Egypt,Canada imports,104157.97814,25138.466694,5016.789249,894844.386482
2015,Equatorial Guinea,Canada exports,2417.626063,2742.383028,,
2015,Equatorial Guinea,Canada imports,23.965474,3.223544,,
2015,Eritrea,Canada exports,543.554167,0.0,0.0,
2015,Eritrea,Canada imports,15.933421,0.604833,25438.009984,
2015,Eswatini,Canada exports,1818.325028,2235.232791,,0.068693
2015,Eswatini,Canada imports,1946.295028,135.76079,,371.007448
2015,Ethiopia,Canada exports,67963.350779,657.212571,3.93393,0.0
2015,Ethiopia,Canada imports,4740.226276,28705.782074,0.180947,7.403763
2015,Fr. South Antarctic Terr.,Canada exports,0.0,0.0,,
2015,Fr. South Antarctic Terr.,Canada imports,1.400667,0.043561,,
2015,Gabon,Canada exports,13971.139002,13965.884826,11.274026,0.0
2015,Gabon,Canada imports,2453.230809,517.145904,20557.123937,0.015079
2015,Gambia,Canada exports,788.251974,261.227684,,1.811149
2015,Gambia,Canada imports,207.15793,0.531114,,0.040211
2015,Ghana,Canada exports,684786.253859,239094.239145,424.546088,3.181658
2015,Ghana,Canada imports,9940.697209,69393.407991,6.490649,482.96193
2015,Guinea,Canada exports,15669.578021,1479.569773,16.896798,0.0
2015,Guinea,Canada imports,1225.601764,142.613333,76316.506251,58.782763
2015,Guinea-Bissau,Canada exports,25.716307,,,4.826939
2015,Guinea-Bissau,Canada imports,4.150061,,,0.0
2015,Kenya,Canada exports,91356.697385,43278.242691,207.38579,7.500939
2015,Kenya,Canada imports,8375.738708,26528.573073,13895.576721,190.160605
2015,Lesotho,Canada exports,377.333904,22.509518,,0.0
2015,Lesotho,Canada imports,7016.587733,0.0,,14.549509
2015,Liberia,Canada exports,11984.856281,1369.913992,0.0,0.557921
2015,Liberia,Canada imports,53171.979031,16.117719,0.239588,37.266781
2015,Libya,Canada exports,36721.381905,1252.825966,4.011,0.0
2015,Libya,Canada imports,18642.933663,0.0,0.0,0.509333
2015,Madagascar,Canada exports,36932.198993,107.941807,5.607693,15.573202
2015,Madagascar,Canada imports,14985.042397,35146.997386,49785.969564,623.378764
2015,Malawi,Canada exports,7951.490848,12961.740861,0.180947,0.0
2015,Malawi,Canada imports,439.236334,3948.886468,0.204404,3.248675
2015,Mali,Canada exports,24006.201939,2704.069099,12.232377,6.065088
2015,Mali,Canada imports,146.959421,1005.635106,0.643368,6.47557
2015,Mauritania,Canada exports,9132.680086,0.0,0.0,0.0
2015,Mauritania,Canada imports,159.342588,130.3575,0.641693,2.504781
2015,Mauritius,Canada exports,7483.217488,7419.12526,6.778825,49873.016976
2015,Mauritius,Canada imports,22307.980727,5937.534908,0.0,129.183018
2015,Morocco,Canada exports,92657.095754,425496.587812,70491.527308,0.774053
2015,Morocco,Canada imports,136699.142419,179501.310907,297115.993005,39362.251784
2015,Mozambique,Canada exports,16334.112258,41904.391418,0.894684,0.0
2015,Mozambique,Canada imports,121.970254,730.794483,0.0,334.586763
2015,Namibia,Canada exports,9683.961376,423.23757,73.819825,1.286737
2015,Namibia,Canada imports,146310.842128,708.971895,131634.201064,15.52964
2015,Niger,Canada exports,6865.595531,2727.287327,3.786491,0.0
2015,Niger,Canada imports,2877.17709,42.608079,0.747246,21.634939
2015,Nigeria,Canada exports,279455.084167,381448.353753,2025.921923,32.208632
2015,Nigeria,Canada imports,5341.373644,18672.295725,1334871.423288,34.778754
2015,Rwanda,Canada exports,47645.286799,7926.471524,1.583289,0.299904
2015,Rwanda,Canada imports,108.645491,1454.63087,0.965053,705.847202
2015,Saint Helena,Canada exports,79.027088,0.0,,
2015,Saint Helena,Canada imports,213.543026,0.17257,,
2015,Sao Tome and Principe,Canada exports,0.0,,,
2015,Sao Tome and Principe,Canada imports,26.647851,,,
2015,Senegal,Canada exports,30293.229988,16741.810135,61.889026,12.145254
2015,Senegal,Canada imports,1659.84194,2493.275467,6680.142909,4.170167
2015,Seychelles,Canada exports,12948.457983,799.876167,,
2015,Seychelles,Canada imports,6048.970005,60.250447,,
2015,Sierra Leone,Canada exports,10501.890394,393.361149,0.544518,45.660728
2015,Sierra Leone,Canada imports,3226.124038,441.452939,0.046912,35.608097
2015,Somalia,Canada exports,1749.291931,18.287412,0.0,0.0
2015,Somalia,Canada imports,286.814983,59.798079,0.165868,3.134746
2015,South Africa,Canada exports,635644.031366,150280.691684,17459.52782,309.458535
2015,South Africa,Canada imports,578042.717094,252159.220532,78368.776121,306438.69631
2015,South Sudan,Canada exports,2713.714599,535.326088,3.211816,
2015,South Sudan,Canada imports,0.551219,0.0,0.0,
2015,Sudan,Canada exports,7893.906024,147380.909576,,0.0
2015,Sudan,Canada imports,1470.453712,123.526737,,38758.785608
2015,Togo,Canada exports,13159.259992,12891.360711,0.0,0.0
2015,Togo,Canada imports,238.486956,1297.034089,56763.690473,0.804211
2015,Tunisia,Canada exports,49143.371844,235952.436582,13.416912,0.0
2015,Tunisia,Canada imports,65886.844015,42160.302935,684.716571,3.875289
2015,Uganda,Canada exports,36560.993843,8125.552164,4.064614,1.982044
2015,Uganda,Canada imports,9777.023613,11416.415149,3.697693,3.394439
2015,United Rep. of Tanzania,Canada exports,55001.30834,52988.841865,52.476412,1.524649
2015,United Rep. of Tanzania,Canada imports,2111.535159,16615.574214,4.909035,106.678526
2015,Zambia,Canada exports,66331.33955,2949.646511,6.251061,0.092149
2015,Zambia,Canada imports,3320.085985,149.080526,0.842746,1991.379405
2015,Zimbabwe,Canada exports,5093.236162,17329.084873,0.0,0.051939
2015,Zimbabwe,Canada imports,615.598027,974.627764,1410.422747,3.024167
2016,Algeria,Canada exports,145068.42101,651349.496161,145.381748,0.219
2016,Algeria,Canada imports,41655.045571,4152.727869,2277924.539215,0.013795
2016,Angola,Canada exports,37609.346798,102624.289564,55.436405,0.772537
2016,Angola,Canada imports,1108.495308,31.936115,1505401.911307,4690.285799
2016,Benin,Canada exports,15935.029819,6415.863758,3.714384,0.0
2016,Benin,Canada imports,530.151579,229.629634,0.0,299.663189
2016,Botswana,Canada exports,25662.113438,38.166416,0.651828,567460.109414
2016,Botswana,Canada imports,563.027499,1.643365,0.322465,631902.11276
2016,Br. Indian Ocean Terr.,Canada exports,428.644052,,,
2016,Br. Indian Ocean Terr.,Canada imports,16.697484,,,
2016,Burkina Faso,Canada exports,50097.462754,9067.632161,169.630434,12.355414
2016,Burkina Faso,Canada imports,30258.554998,746.05834,52715.470613,0.3673
2016,Burundi,Canada exports,1660.6159,1117.163929,26.497319,
2016,Burundi,Canada imports,23.124368,454.80511,0.0,
2016,Cabo Verde,Canada exports,1718.914829,1117.993371,,1.829601
2016,Cabo Verde,Canada imports,111.215968,0.0,,0.0
2016,Cameroon,Canada exports,17164.490922,72191.070573,19.15822,3.655754
2016,Cameroon,Canada imports,8631.666254,750.286599,3.355706,1.86409
2016,Central African Rep.,Canada exports,1495.700009,0.0,0.0,0.0
2016,Central African Rep.,Canada imports,134.426557,64.672357,0.060354,0.082772
2016,Chad,Canada exports,2498.737162,113.568067,7.264949,
2016,Chad,Canada imports,78.514214,366.37725,0.118984,
2016,Comoros,Canada exports,1295.713022,865.113487,,0.0
2016,Comoros,Canada imports,47.155778,14.50748,,0.013795
2016,Congo,Canada exports,32672.971849,11190.18534,201.464808,0.348331
2016,Congo,Canada imports,30924.479901,258.45146,66677.848686,5.116331
2016,Côte d'Ivoire,Canada exports,81287.795292,14097.092607,113.038672,3.390194
2016,Côte d'Ivoire,Canada imports,18554.118885,210394.261511,305489.97927,1.520932
2016,Dem. Rep. of the Congo,Canada exports,48827.876301,8025.252543,997.312104,0.077599
2016,Dem. Rep. of the Congo,Canada imports,42224.184388,297.140373,461.24579,68.866128
2016,Djibouti,Canada exports,3276.117726,0.129331,0.0,
2016,Djibouti,Canada imports,22.950203,60.876926,0.086221,
2016,Egypt,Canada exports,203039.372509,187196.836715,91409.660681,24.329733
2016,Egypt,Canada imports,107900.084025,41595.68268,6462.909173,1200259.432145
2016,Equatorial Guinea,Canada exports,5425.675201,2639.357808,0.0,
2016,Equatorial Guinea,Canada imports,300.066701,0.0,70221.950423,
2016,Eritrea,Canada exports,301.748003,0.260386,0.0,
2016,Eritrea,Canada imports,44.727805,0.013795,17524.263673,
2016,Eswatini,Canada exports,6140.920019,6992.148538,0.0,0.408686
2016,Eswatini,Canada imports,1893.656421,441.873743,3.205682,0.141402
2016,Ethiopia,Canada exports,152242.384679,741.816286,0.0,0.0
2016,Ethiopia,Canada imports,7180.697499,37935.436604,0.018969,42.477447
2016,Fr. South Antarctic Terr.,Canada exports,81.644023,,,
2016,Fr. South Antarctic Terr.,Canada imports,2.165862,,,
2016,Gabon,Canada exports,7549.47513,6902.749834,1.279514,13.51077
2016,Gabon,Canada imports,1483.453233,85.651557,0.0,0.0
2016,Gambia,Canada exports,1377.074241,352.152573,,
2016,Gambia,Canada imports,217.244905,0.788056,,
2016,Ghana,Canada exports,184846.605936,182761.839803,223.561427,14051.164611
2016,Ghana,Canada imports,7081.748999,81983.400779,2.778028,74.649807
2016,Guinea,Canada exports,14898.495958,6251.575553,6.36653,8.815195
2016,Guinea,Canada imports,1892.626947,332.56325,60400.684579,206.165556
2016,Guinea-Bissau,Canada exports,231.586842,0.0,0.0,2.733193
2016,Guinea-Bissau,Canada imports,20.510159,3.926487,0.034488,0.0
2016,Kenya,Canada exports,106474.634847,44101.565806,51.032256,20.839522
2016,Kenya,Canada imports,11415.904006,23146.596021,75953.174231,311.237444
2016,Lesotho,Canada exports,192.549597,3.560911,0.0,
2016,Lesotho,Canada imports,8772.140325,1.767523,0.013795,
2016,Liberia,Canada exports,15492.26283,1693.512512,0.168992,0.0
2016,Liberia,Canada imports,51861.90724,16.338806,0.41041,5.597442
2016,Libya,Canada exports,21756.911153,505.344185,0.0,0.0
2016,Libya,Canada imports,10215.295769,115.013124,2.395209,4.231708
2016,Madagascar,Canada exports,18478.639636,97.591387,31.661933,18.9237
2016,Madagascar,Canada imports,14862.148797,35664.420152,43621.018669,574.793164
2016,Malawi,Canada exports,5260.621358,19176.831741,3.0798,0.0
2016,Malawi,Canada imports,842.02878,6375.767724,2.284846,3.119462
2016,Mali,Canada exports,40794.663872,2298.760521,126.411489,4.588661
2016,Mali,Canada imports,5926.615237,1039.503298,0.172441,0.824269
2016,Mauritania,Canada exports,20291.90913,462.421839,1.346766,0.079323
2016,Mauritania,Canada imports,93.349333,653.833324,1.400223,0.750119
2016,Mauritius,Canada exports,9420.555546,8790.584639,14.626465,19637.625735
2016,Mauritius,Canada imports,18344.468291,4924.276472,0.001724,164.791733
2016,Morocco,Canada exports,98020.320944,427316.659813,107852.498869,16.393987
2016,Morocco,Canada imports,140525.368978,190709.823157,175657.976941,52089.395153
2016,Mozambique,Canada exports,18618.285989,40310.657564,5.331883,0.0
2016,Mozambique,Canada imports,405.730062,3280.283906,156.719759,1075.3659
2016,Namibia,Canada exports,11747.786113,6797.745198,48.080063,0.29315
2016,Namibia,Canada imports,60627.453413,1781.012639,79242.040537,94.796115
2016,Niger,Canada exports,7751.965964,17819.022633,9.422189,0.0
2016,Niger,Canada imports,2299.622727,31.515358,0.3673,24.717725
2016,Nigeria,Canada exports,116495.425535,338069.846653,166.609263,16.150845
2016,Nigeria,Canada imports,1188.242477,71366.254876,1967268.732978,47.817952
2016,Rwanda,Canada exports,9190.153376,6326.994448,0.168992,0.001724
2016,Rwanda,Canada imports,299.290715,2216.426734,0.0,5803.449092
2016,Saint Helena,Canada exports,107.686097,0.0,,
2016,Saint Helena,Canada imports,43.456913,1289.124043,,
2016,Sao Tome and Principe,Canada exports,111.009039,,,
2016,Sao Tome and Principe,Canada imports,30.442774,,,
2016,Senegal,Canada exports,39787.400185,13404.942842,184.208615,1.026025
2016,Senegal,Canada imports,1397.555086,8146.694276,35.317687,5.606064
2016,Seychelles,Canada exports,2002.063322,137.468421,1.134663,
2016,Seychelles,Canada imports,1297.120143,162.191319,0.0,
2016,Sierra Leone,Canada exports,7535.250454,1187.556161,0.0,0.0
2016,Sierra Leone,Canada imports,2939.302075,122.602263,0.036213,39.616647
2016,Somalia,Canada exports,2954.870069,11.482861,,0.0
2016,Somalia,Canada imports,275.842158,100.040053,,1.729585
2016,South Africa,Canada exports,480288.841955,103136.517602,32331.791711,2120.930507
2016,South Africa,Canada imports,544193.508095,278732.255332,52510.915658,287826.472756
2016,South Sudan,Canada exports,1987.462723,277.280317,1.793389,
2016,South Sudan,Canada imports,3.269486,0.0,0.0,
2016,Sudan,Canada exports,17249.780352,135288.64625,229.767587,
2016,Sudan,Canada imports,170.873735,288.625226,2.308988,
2016,Togo,Canada exports,6940.881762,17065.050965,0.0,0.0
2016,Togo,Canada imports,400.032604,2283.602937,30824.279478,0.796678
2016,Tunisia,Canada exports,88424.69272,168426.723124,89.053822,15.643868
2016,Tunisia,Canada imports,72689.023926,49119.434752,171.784224,8.439274
2016,Uganda,Canada exports,26161.977441,10488.991033,3.909243,0.951876
2016,Uganda,Canada imports,7464.254677,9354.955455,0.032764,10.151615
2016,United Rep. of Tanzania,Canada exports,119025.431464,37927.880229,264.888691,3.933384
2016,United Rep. of Tanzania,Canada imports,4651.621028,17300.395301,12.864115,186.457248
2016,Zambia,Canada exports,29278.616348,2545.577372,329.01441,0.172441
2016,Zambia,Canada imports,3500.808643,130.862197,41.242768,414.291769
2016,Zimbabwe,Canada exports,9829.556818,18622.227996,0.0,0.006898
2016,Zimbabwe,Canada imports,856.113779,827.669599,1412.393653,31.915422
2017,Algeria,Canada exports,224795.226106,776308.097449,105.703916,25.700463
2017,Algeria,Canada imports,1286.919463,5080.525452,1029808.61919,0.103704
2017,Angola,Canada exports,44077.450031,197152.461005,462.916158,0.571195
2017,Angola,Canada imports,1289.854448,6.903718,195287.709927,0.032922
2017,Benin,Canada exports,22159.122789,4521.321034,,
2017,Benin,Canada imports,152.48755,379.029569,,
2017,Botswana,Canada exports,11037.660076,3.955564,0.032922,756079.342332
2017,Botswana,Canada imports,297.445866,0.024691,4.202478,15599.991892
2017,Br. Indian Ocean Terr.,Canada exports,5.695485,0.0,,
2017,Br. Indian Ocean Terr.,Canada imports,176.418462,0.011523,,
2017,Burkina Faso,Canada exports,69974.914501,3572.471388,33.898011,2.757207
2017,Burkina Faso,Canada imports,724.096931,737.494488,1.884777,346.476418
2017,Burundi,Canada exports,2972.162361,1789.815948,0.0,0.0
2017,Burundi,Canada imports,39.85687,303.197318,0.009877,0.079013
2017,Cabo Verde,Canada exports,1559.637707,1686.829733,21.754776,
2017,Cabo Verde,Canada imports,175.287596,2.426342,0.139918,
2017,Cameroon,Canada exports,16583.192225,54985.246471,450.415721,0.0
2017,Cameroon,Canada imports,9060.113708,616.87367,0.378602,68.600961
2017,Central African Rep.,Canada exports,692.263122,28.643679,,0.0
2017,Central African Rep.,Canada imports,124.415065,84.974657,,0.334157
2017,Chad,Canada exports,4063.514351,119.570611,8.069152,0.0
2017,Chad,Canada imports,85.642971,310.636016,0.0,0.854323
2017,Comoros,Canada exports,590.40448,224.818559,,
2017,Comoros,Canada imports,97.965629,1705.901376,,
2017,Congo,Canada exports,16573.635004,7962.926315,5.425525,0.0
2017,Congo,Canada imports,12094.394713,254.820266,1.899592,115.705583
2017,Côte d'Ivoire,Canada exports,27364.720097,14597.127322,143.09823,0.398355
2017,Côte d'Ivoire,Canada imports,26243.524425,245461.782928,124023.42493,2.628812
2017,Dem. Rep. of the Congo,Canada exports,46079.119904,1681.163877,312.306801,0.0
2017,Dem. Rep. of the Congo,Canada imports,51133.432957,291.307582,0.551441,84.979595
2017,Djibouti,Canada exports,2065.400042,0.0,18.520202,
2017,Djibouti,Canada imports,80.123618,778.587575,0.0,
2017,Egypt,Canada exports,223680.784357,127156.124239,93442.541981,7011.235511
2017,Egypt,Canada imports,109263.102218,38477.819008,51388.804664,1108351.215133
2017,Equatorial Guinea,Canada exports,3208.060778,2085.230534,0.0,
2017,Equatorial Guinea,Canada imports,2081.143283,4.294659,51361.919014,
2017,Eritrea,Canada exports,93.476731,2.536631,0.0,
2017,Eritrea,Canada imports,15.465052,1.562143,0.064198,
2017,Eswatini,Canada exports,4752.055655,1655.736666,22.413214,0.319342
2017,Eswatini,Canada imports,1595.438602,507.502256,0.0,0.032922
2017,Ethiopia,Canada exports,146543.475194,164.214322,7.552279,0.0
2017,Ethiopia,Canada imports,8711.554982,29890.040406,1.198356,41.292264
2017,Fr. South Antarctic Terr.,Canada exports,7.47985,,,
2017,Fr. South Antarctic Terr.,Canada imports,0.536627,,,
2017,Gabon,Canada exports,5835.845491,6443.741364,1.344859,7.935818
2017,Gabon,Canada imports,1908.525652,54.671715,0.0,0.0
2017,Gambia,Canada exports,4469.627103,7351.395866,0.314404,0.0
2017,Gambia,Canada imports,740.53647,0.750619,0.0,0.222223
2017,Ghana,Canada exports,205242.330785,260927.586895,3368.122005,16514.915544
2017,Ghana,Canada imports,16639.868882,64238.216535,27694.491954,105.30227
2017,Guinea,Canada exports,16101.45463,628.547767,17.986867,5.514414
2017,Guinea,Canada imports,227.737084,5536.047356,73442.679505,81.109628
2017,Guinea-Bissau,Canada exports,105.429019,0.0,0.0,
2017,Guinea-Bissau,Canada imports,27.53092,0.032922,0.070782,
2017,Kenya,Canada exports,125326.196276,62357.700816,8.362157,69.764749
2017,Kenya,Canada imports,10297.41661,19418.353486,43644.346279,132.278456
2017,Lesotho,Canada exports,379.865785,0.0,,
2017,Lesotho,Canada imports,10881.164287,0.930043,,
2017,Liberia,Canada exports,5768.910376,1053.529692,8.39014,0.016461
2017,Liberia,Canada imports,45690.33229,24.324329,0.322634,0.0
2017,Libya,Canada exports,24732.033317,565.268627,,0.0
2017,Libya,Canada imports,10591.881401,284.305099,,0.074074
2017,Madagascar,Canada exports,23702.72425,28.995943,4.714413,428.066705
2017,Madagascar,Canada imports,22382.043402,45928.637296,57512.31987,951.142655
2017,Malawi,Canada exports,4672.946031,29046.218132,0.0,0.0
2017,Malawi,Canada imports,461.316155,3246.427933,0.342388,0.209054
2017,Mali,Canada exports,45725.359521,995.271139,293.245035,0.0
2017,Mali,Canada imports,1163.650079,2100.842088,2.172844,4.159679
2017,Mauritania,Canada exports,30847.722992,404.492995,74.976283,2.483956
2017,Mauritania,Canada imports,96.436408,588.715588,3.236221,0.0
2017,Mauritius,Canada exports,5529.538701,7861.06932,21.786052,13182.918714
2017,Mauritius,Canada imports,14234.708485,6385.418613,0.0,20.085637
2017,Morocco,Canada exports,69457.458315,453678.709001,118959.729141,0.437861
2017,Morocco,Canada imports,171963.098372,207553.286877,122046.546877,1126.156999
2017,Mozambique,Canada exports,16480.721236,13550.996821,8.865861,0.0
2017,Mozambique,Canada imports,214.723066,2204.473573,0.0,486.470115
2017,Namibia,Canada exports,7820.554012,786.49541,58.918637,1015.108216
2017,Namibia,Canada imports,74848.814022,1642.816475,87063.864122,704.203886
2017,Niger,Canada exports,6314.381433,0.291359,3.216467,0.0
2017,Niger,Canada imports,1599.22791,297.383315,1.651032,18.971232
2017,Nigeria,Canada exports,172283.726178,645262.490485,281.040895,17.664233
2017,Nigeria,Canada imports,14526.835822,52088.088376,1167652.445599,23.023915
2017,Rwanda,Canada exports,5956.021864,6979.640385,0.30782,0.069136
2017,Rwanda,Canada imports,534.31054,1852.311547,0.0,9.137467
2017,Saint Helena,Canada exports,177.875255,50.324381,,
2017,Saint Helena,Canada imports,870.177883,1226.716872,,
2017,Sao Tome and Principe,Canada exports,23.978649,0.0,,
2017,Sao Tome and Principe,Canada imports,18.623906,8.052691,,
2017,Senegal,Canada exports,51755.781535,14491.861266,98.466042,7.524295
2017,Senegal,Canada imports,2394.551322,3017.50237,6.227173,2.727578
2017,Seychelles,Canada exports,14220.254135,87.712111,,
2017,Seychelles,Canada imports,746.207263,248.244121,,
2017,Sierra Leone,Canada exports,7852.86848,1340.54097,0.0,0.0
2017,Sierra Leone,Canada imports,6627.317042,30.964671,0.016461,599.917257
2017,Somalia,Canada exports,7826.708757,8.047753,,0.0
2017,Somalia,Canada imports,374.853429,19.950657,,0.057613
2017,South Africa,Canada exports,427164.991439,86704.864222,18178.576506,1022.620988
2017,South Africa,Canada imports,390254.280112,283315.357058,122798.475962,352009.648405
2017,South Sudan,Canada exports,970.589608,731.80888,,
2017,South Sudan,Canada imports,5.08643,0.0,,
2017,Sudan,Canada exports,12929.92232,68510.840772,36.451102,0.0
2017,Sudan,Canada imports,141.108103,170.420096,2.125107,0.212346
2017,Togo,Canada exports,9945.4801,9605.107398,0.0,0.0
2017,Togo,Canada imports,954.889165,1763.040585,15619.313741,1.002471
2017,Tunisia,Canada exports,58648.386354,34401.486524,65.098073,0.0
2017,Tunisia,Canada imports,65105.969721,52320.966211,733.856621,9.786028
2017,Uganda,Canada exports,28135.534817,8144.452606,2.796713,0.332511
2017,Uganda,Canada imports,3070.998774,18436.843692,755.869834,72.266812
2017,United Rep. of Tanzania,Canada exports,41298.754727,32755.019012,157.012662,7.657629
2017,United Rep. of Tanzania,Canada imports,4675.861263,13057.646034,36.426411,445.982791
2017,Zambia,Canada exports,36275.995646,360.927475,54.617394,178.556738
2017,Zambia,Canada imports,4131.12601,654.440823,1.764613,366.494565
2017,Zimbabwe,Canada exports,5778.255251,33462.999038,0.0,0.001646
2017,Zimbabwe,Canada imports,5654.936485,1437.742811,11633.060451,16.505383
2018,Algeria,Canada exports,114785.193405,493703.212513,8904.74763,3.624678
2018,Algeria,Canada imports,20072.860985,8349.353824,308079.957111,0.0
2018,Angola,Canada exports,34101.149295,122525.767832,216.712745,1.797789
2018,Angola,Canada imports,4774.147256,3.02811,1042137.073984,88.80623
2018,Benin,Canada exports,25117.289267,5173.398596,18.912348,
2018,Benin,Canada imports,269.621405,2219.80492,0.0,
2018,Botswana,Canada exports,19943.772651,20.963961,0.0,874933.153805
2018,Botswana,Canada imports,5383.678426,8.79817,0.413879,74829.259385
2018,Br. Indian Ocean Terr.,Canada exports,793.912821,0.0,,
2018,Br. Indian Ocean Terr.,Canada imports,84.481514,37.483569,,
2018,Burkina Faso,Canada exports,56719.040331,2241.916749,47.547628,1.497079
2018,Burkina Faso,Canada imports,23108.737441,298.078846,18772.215904,221.562894
2018,Burundi,Canada exports,2676.200716,2109.268405,0.586868,0.022634
2018,Burundi,Canada imports,4.854999,581.487608,13.491498,8.411775
2018,Cabo Verde,Canada exports,867.565569,3149.945495,,0.0
2018,Cabo Verde,Canada imports,307.093657,0.449447,,0.32496
2018,Cameroon,Canada exports,18950.633488,69652.941,39.763139,0.105087
2018,Cameroon,Canada imports,10338.170393,1548.568536,4.293999,104.027614
2018,Central African Rep.,Canada exports,377.446686,0.0,1.29984,0.0
2018,Central African Rep.,Canada imports,165.493554,105.744567,0.0,0.153588
2018,Chad,Canada exports,10745.762372,67.564194,10.39387,0.0
2018,Chad,Canada imports,98.286655,387.78397,0.016167,2.108198
2018,Comoros,Canada exports,1572.541206,196.022009,39.297525,0.0
2018,Comoros,Canada imports,240.166449,1608.517995,0.0,0.00485
2018,Congo,Canada exports,13656.435463,5961.913201,47.471643,0.0
2018,Congo,Canada imports,2504.24353,1375.007567,9871.618385,30.521988
2018,Côte d'Ivoire,Canada exports,29333.966853,13038.347013,1062.054931,0.035568
2018,Côte d'Ivoire,Canada imports,21983.040471,297198.555469,222435.76576,3.026493
2018,Dem. Rep. of the Congo,Canada exports,39568.452376,6043.948623,178.514587,0.0
2018,Dem. Rep. of the Congo,Canada imports,136139.410429,802.305196,1.736353,174.89476
2018,Djibouti,Canada exports,5554.052847,15.724183,,
2018,Djibouti,Canada imports,37.490036,1580.661973,,
2018,Egypt,Canada exports,325622.749139,161212.327299,112046.98515,45264.200712
2018,Egypt,Canada imports,138086.919895,35834.070382,19934.080436,966008.011826
2018,Equatorial Guinea,Canada exports,1454.320439,1749.371175,,12.14154
2018,Equatorial Guinea,Canada imports,6.040052,1.298223,,0.0
2018,Eritrea,Canada exports,749.525874,0.0,1.797789,1.961077
2018,Eritrea,Canada imports,307.646574,0.082453,0.016167,0.0
2018,Eswatini,Canada exports,3944.002204,4244.923238,,20.933243
2018,Eswatini,Canada imports,2867.340241,822.360563,,42.561675
2018,Ethiopia,Canada exports,236293.357923,1409.04753,0.0,0.0
2018,Ethiopia,Canada imports,16532.63531,33694.12155,0.494715,161.495414
2018,Fr. South Antarctic Terr.,Canada exports,209.794816,,0.0,0.0
2018,Fr. South Antarctic Terr.,Canada imports,3.110562,,0.129337,0.029101
2018,Gabon,Canada exports,11953.139087,6344.693434,4.78063,18.828279
2018,Gabon,Canada imports,849.878692,32.42163,11.582156,1.29499
2018,Gambia,Canada exports,1741.290827,881.25269,0.016167,0.0
2018,Gambia,Canada imports,1062.918257,204.50492,0.0,0.22634
2018,Ghana,Canada exports,220343.666883,311928.503531,288.805361,2.153466
2018,Ghana,Canada imports,14123.318898,80006.593069,114447.535726,172.831829
2018,Guinea,Canada exports,25070.984893,1578.978971,3.80575,0.0
2018,Guinea,Canada imports,270.044984,169.873239,53055.821341,0.719439
2018,Guinea-Bissau,Canada exports,299.93807,0.0,0.0,
2018,Guinea-Bissau,Canada imports,17.848549,13.868193,0.077602,
2018,Kenya,Canada exports,94220.202342,59130.969356,126.740863,1.692702
2018,Kenya,Canada imports,11895.820025,22445.710743,17575.300961,228.986856
2018,Lesotho,Canada exports,948.997955,0.019401,,0.129337
2018,Lesotho,Canada imports,9982.502493,18.999651,,0.624053
2018,Liberia,Canada exports,9844.459167,4170.563986,0.030718,0.646687
2018,Liberia,Canada imports,38995.074217,37.520753,4.947152,0.0
2018,Libya,Canada exports,51802.345576,1584.946271,237.451983,
2018,Libya,Canada imports,1.632884,195.774651,96579.119238,
2018,Madagascar,Canada exports,21333.780112,227.274753,4.269748,0.0
2018,Madagascar,Canada imports,17794.648954,85841.977197,48772.644977,612.753286
2018,Malawi,Canada exports,13106.58376,28559.131285,23.63801,14.511646
2018,Malawi,Canada imports,486.075475,1707.743962,24.08584,7.871792
2018,Mali,Canada exports,33978.214183,458.820871,256.914014,28.73875
2018,Mali,Canada imports,1353.479372,2267.179559,8.563747,0.11802
2018,Mauritania,Canada exports,28454.815895,5917.634573,0.982964,0.31526
2018,Mauritania,Canada imports,296.728888,106.423588,2.218135,0.0
2018,Mauritius,Canada exports,9927.880114,6801.423891,6.512134,97.58985
2018,Mauritius,Canada imports,17924.201286,8239.433278,0.0,70.92858
2018,Morocco,Canada exports,120849.907133,545398.651103,56286.111173,6.17909
2018,Morocco,Canada imports,242216.31311,191180.531981,83156.988011,1122.188696
2018,Mozambique,Canada exports,17635.918124,41665.150811,0.952246,0.5513
2018,Mozambique,Canada imports,1875.703009,6908.245191,0.0,451.683068
2018,Namibia,Canada exports,19951.772163,5330.99934,117.656533,0.609502
2018,Namibia,Canada imports,980.598293,4187.356818,24297.07732,135.577834
2018,Niger,Canada exports,4413.465919,56.171193,0.0,0.0
2018,Niger,Canada imports,2031.014483,268.336115,53.501995,22.918571
2018,Nigeria,Canada exports,229547.327585,612764.546332,254.189847,5.243011
2018,Nigeria,Canada imports,14079.083921,16961.116881,517816.525767,44.220426
2018,Rwanda,Canada exports,5372.912712,5993.465038,31.501718,0.027484
2018,Rwanda,Canada imports,539.307478,3203.269651,0.119637,0.468848
2018,Saint Helena,Canada exports,63.730959,0.0,,
2018,Saint Helena,Canada imports,83.042636,924.005137,,
2018,Sao Tome and Principe,Canada exports,796.02587,75.437602,,
2018,Sao Tome and Principe,Canada imports,33.166936,41.65308,,
2018,Senegal,Canada exports,58355.656857,13408.929121,47.38434,0.0
2018,Senegal,Canada imports,2360.56433,2845.039256,126.878284,4.54944
2018,Seychelles,Canada exports,3622.814015,161.283624,0.066285,0.421963
2018,Seychelles,Canada imports,919.206723,302.969413,0.0,0.0
2018,Sierra Leone,Canada exports,9028.848395,6324.882192,1.978861,0.0
2018,Sierra Leone,Canada imports,12312.247359,95.337764,17651.750628,4.138794
2018,Somalia,Canada exports,10124.532643,54.460707,,0.0
2018,Somalia,Canada imports,714.532048,258.272056,,0.069519
2018,South Africa,Canada exports,463781.163465,138111.120522,2775.103339,34553.805626
2018,South Africa,Canada imports,374658.351416,304430.68715,105119.895513,403252.300305
2018,South Sudan,Canada exports,12287.039518,386.412995,8.096516,
2018,South Sudan,Canada imports,76.386615,0.494715,0.0,
2018,Sudan,Canada exports,18588.317651,87176.996902,0.0,
2018,Sudan,Canada imports,171.981437,433.574228,1.729887,
2018,Togo,Canada exports,19525.51681,12905.625916,0.0,0.0
2018,Togo,Canada imports,244.436197,1693.662363,17230.503862,0.662854
2018,Tunisia,Canada exports,54972.84277,17544.919627,13.216656,0.0
2018,Tunisia,Canada imports,81606.555401,73559.514603,5811.097815,11.567606
2018,Uganda,Canada exports,34064.723059,9111.718042,0.397712,1.328941
2018,Uganda,Canada imports,2425.729316,12128.556046,1211.192165,506.242395
2018,United Rep. of Tanzania,Canada exports,120109.130929,15822.132119,162.413709,9.165165
2018,United Rep. of Tanzania,Canada imports,17109.896821,17353.343588,712.176492,130.908757
2018,Zambia,Canada exports,36928.522691,492.181813,87.357652,0.021017
2018,Zambia,Canada imports,205.940564,193.908961,261.684944,1396.927008
2018,Zimbabwe,Canada exports,8140.894416,43762.411864,0.037184,0.008084
2018,Zimbabwe,Canada imports,823.534299,854.885662,4655.884454,0.109937
2019,Algeria,Canada exports,131765.774894,562135.036008,134080.767884,9.643984
2019,Algeria,Canada imports,57574.529396,9080.914346,1.793168,0.016302
2019,Angola,Canada exports,78150.360036,90233.023021,540.054941,0.0
2019,Angola,Canada imports,35351.417971,5.488724,32777.085608,360.751178
2019,Benin,Canada exports,22640.161558,7423.203844,0.122261,1.81273
2019,Benin,Canada imports,284.510563,1103.618315,0.008151,0.42384
2019,Botswana,Canada exports,9192.931924,73.343833,0.10922,741133.184905
2019,Botswana,Canada imports,111.194351,16.726998,1.082421,14448.550973
2019,Br. Indian Ocean Terr.,Canada exports,182.404314,147.652717,,
2019,Br. Indian Ocean Terr.,Canada imports,57.342254,0.071727,,
2019,Burkina Faso,Canada exports,71132.342074,149.522502,54.337882,0.166276
2019,Burkina Faso,Canada imports,3541.818251,559.882489,20018.204282,66.184202
2019,Burundi,Canada exports,3513.85298,2525.00394,0.0,
2019,Burundi,Canada imports,140.727828,1084.656378,13.994862,
2019,Cabo Verde,Canada exports,396.09941,3317.530422,0.0,
2019,Cabo Verde,Canada imports,168.119285,0.296688,1.765455,
2019,Cameroon,Canada exports,35882.031068,69938.7866,265.511132,0.0
2019,Cameroon,Canada imports,11548.941187,1207.455786,8888.623156,33.439324
2019,Central African Rep.,Canada exports,458.821168,44.250497,0.0,0.0
2019,Central African Rep.,Canada imports,114.761125,41.462936,0.032603,0.014671
2019,Chad,Canada exports,33609.487257,512.097821,1.256848,0.0
2019,Chad,Canada imports,90.840263,0.0,0.065206,0.042384
2019,Comoros,Canada exports,1274.308352,2003.95495,34.159851,
2019,Comoros,Canada imports,128.25879,1342.3656,0.057055,
2019,Congo,Canada exports,16397.318732,6880.354821,6.541803,79.70958
2019,Congo,Canada imports,8550.661514,393.546591,7768.204486,21.672881
2019,Côte d'Ivoire,Canada exports,40087.536676,17396.71486,392.886379,0.119001
2019,Côte d'Ivoire,Canada imports,21975.805838,319165.88766,296256.356398,0.826487
2019,Dem. Rep. of the Congo,Canada exports,45514.088654,5341.109151,117.180272,88.362431
2019,Dem. Rep. of the Congo,Canada imports,145343.032035,494.951874,2.13876,34.079974
2019,Djibouti,Canada exports,10677.632682,0.0,1.868155,
2019,Djibouti,Canada imports,14.93546,172.8614,0.0,
2019,Egypt,Canada exports,799580.34486,187246.239386,63161.613929,47636.558971
2019,Egypt,Canada imports,225739.933315,45900.609287,19553.384152,1047696.20338
2019,Equatorial Guinea,Canada exports,3697.484799,3908.467321,,29.440559
2019,Equatorial Guinea,Canada imports,3289.894442,0.11085,,0.0
2019,Eritrea,Canada exports,520.043186,0.0,,0.0
2019,Eritrea,Canada imports,38.003752,16.065156,,4.119396
2019,Eswatini,Canada exports,9559.998313,3186.598181,22.859632,17.423073
2019,Eswatini,Canada imports,1464.452631,337.591597,0.076617,471.686334
2019,Ethiopia,Canada exports,178435.586437,5373.42693,0.089658,1280.551837
2019,Ethiopia,Canada imports,27064.079925,32236.786144,1.716551,44.222784
2019,Fr. South Antarctic Terr.,Canada exports,121.844139,,,0.0
2019,Fr. South Antarctic Terr.,Canada imports,1.760565,,,0.076617
2019,Gabon,Canada exports,17148.799596,7480.754758,1.289451,3.825969
2019,Gabon,Canada imports,2061.078764,48.642128,0.0,0.397757
2019,Gambia,Canada exports,2883.927717,922.761016,,
2019,Gambia,Canada imports,709.093633,247.871249,,
2019,Ghana,Canada exports,184035.852385,261760.556711,291.244724,9.135376
2019,Ghana,Canada imports,11666.784931,102780.630027,341830.018985,6496.781505
2019,Guinea,Canada exports,24509.086064,1123.915348,6831.344278,0.0
2019,Guinea,Canada imports,242.739528,497.796491,59565.100792,0.715637
2019,Guinea-Bissau,Canada exports,238.947793,34.67987,0.0,
2019,Guinea-Bissau,Canada imports,85.646596,0.0,0.081508,
2019,Kenya,Canada exports,154743.95352,70399.309648,155.115557,1.887717
2019,Kenya,Canada imports,12914.92607,23441.97502,15363.433461,201.085865
2019,Lesotho,Canada exports,214.717202,49.377327,0.0,0.0
2019,Lesotho,Canada imports,9366.769785,10.467211,0.092919,0.164645
2019,Liberia,Canada exports,5970.499724,2491.929771,0.034233,0.758021
2019,Liberia,Canada imports,39179.096552,14.237754,0.267345,7.402524
2019,Libya,Canada exports,94370.968577,13812.817476,589.432269,0.0
2019,Libya,Canada imports,16.172746,144.530975,138698.470661,0.43199
2019,Madagascar,Canada exports,23516.8838,24.145823,5.666411,51.560102
2019,Madagascar,Canada imports,17240.154988,72804.864144,54909.019328,765.095901
2019,Malawi,Canada exports,5110.726181,23262.760915,0.0,0.0
2019,Malawi,Canada imports,288.74733,1860.237422,1.013955,3.040235
2019,Mali,Canada exports,36658.422297,466.318241,143.614829,1.367698
2019,Mali,Canada imports,878.173078,4655.483198,0.886803,5.945167
2019,Mauritania,Canada exports,32029.378547,538.661161,647.017415,
2019,Mauritania,Canada imports,185.299465,8.579494,0.0,
2019,Mauritius,Canada exports,7832.510752,6337.921487,5.981031,605.596863
2019,Mauritius,Canada imports,13120.983901,5882.813807,0.0,46.919057
2019,Morocco,Canada exports,201063.063777,436392.792967,19.292858,0.0
2019,Morocco,Canada imports,334085.324563,192982.006892,33081.955149,466.548092
2019,Mozambique,Canada exports,28864.758085,46848.865893,2.443599,0.203769
2019,Mozambique,Canada imports,254.409792,13035.992626,0.032603,258.105348
2019,Namibia,Canada exports,10603.542239,10740.954336,826.751539,0.0
2019,Namibia,Canada imports,75422.848738,2445.60898,168367.73522,337.854052
2019,Niger,Canada exports,8090.684567,604.330235,46.941879,0.0
2019,Niger,Canada imports,1623.449581,294.426782,3.552103,288.43271
2019,Nigeria,Canada exports,324550.831619,470655.317793,70.233502,54.231922
2019,Nigeria,Canada imports,8367.231834,22260.51854,304059.685786,11.662113
2019,Rwanda,Canada exports,7544.544266,5162.547107,3.475486,0.047274
2019,Rwanda,Canada imports,253.162725,4410.578827,0.278756,0.0
2019,Saint Helena,Canada exports,450.779625,,,
2019,Saint Helena,Canada imports,88.833545,,,
2019,Sao Tome and Principe,Canada exports,174.760528,292.297803,,
2019,Sao Tome and Principe,Canada imports,105.190498,0.0,,
2019,Senegal,Canada exports,70913.2365,15543.871811,54.512309,0.0
2019,Senegal,Canada imports,4367.762864,2548.595511,157.955283,18.965197
2019,Seychelles,Canada exports,10361.850899,277.535139,2.12898,0.262455
2019,Seychelles,Canada imports,719.303279,47.26628,0.0,0.0
2019,Sierra Leone,Canada exports,6688.683089,4210.311299,0.0,0.061946
2019,Sierra Leone,Canada imports,5162.402024,59.251163,0.373305,0.164645
2019,Somalia,Canada exports,2916.749213,166.932534,0.0,
2019,Somalia,Canada imports,831.547448,402.080441,0.00163,
2019,South Africa,Canada exports,387411.933406,106074.652016,13026.278545,3368.360215
2019,South Africa,Canada imports,294781.524584,305653.055788,49549.37045,442214.894995
2019,South Sudan,Canada exports,612.435354,113.018492,,
2019,South Sudan,Canada imports,0.185837,0.0,,
2019,Sudan,Canada exports,10069.721002,20552.009218,,
2019,Sudan,Canada imports,33.515941,588.229216,,
2019,Togo,Canada exports,19092.077,14894.008149,0.0,0.0
2019,Togo,Canada imports,389.953734,1563.719154,7967.588471,6.483118
2019,Tunisia,Canada exports,42714.891388,99840.473451,3694.496729,0.0
2019,Tunisia,Canada imports,95322.591448,66692.964969,13100.629813,26.007457
2019,Uganda,Canada exports,221787.520335,12391.273726,2.99296,907.828817
2019,Uganda,Canada imports,1551.061017,21050.712073,209.626235,44.146167
2019,United Rep. of Tanzania,Canada exports,156439.41999,18676.278824,102.388265,3.372786
2019,United Rep. of Tanzania,Canada imports,8638.707695,22916.826196,32.935607,136.077002
2019,Zambia,Canada exports,42317.972011,1191.211314,34.709213,0.0
2019,Zambia,Canada imports,71087.900849,798.58902,143.393128,385.806626
2019,Zimbabwe,Canada exports,4874.549647,10069.086873,0.029343,0.0
2019,Zimbabwe,Canada imports,582.491078,5423.604662,4856.924436,7.756267
2020,Algeria,Canada exports,79187.708532,465890.660955,194627.746853,0.0
2020,Algeria,Canada imports,42160.57138,8491.628961,0.052171,6.770814
2020,Angola,Canada exports,111287.873175,47269.431452,114.212033,0.04891
2020,Angola,Canada imports,14287.072027,0.61953,154709.591322,12.609071
2020,Benin,Canada exports,19057.251211,3334.947675,0.231509,0.0
2020,Benin,Canada imports,90.609561,640.850249,0.0,0.114124
2020,Botswana,Canada exports,10915.515005,19.479336,0.070105,338838.427922
2020,Botswana,Canada imports,176.403089,316.363126,0.52334,10026.976559
2020,Br. Indian Ocean Terr.,Canada exports,137.333554,,,
2020,Br. Indian Ocean Terr.,Canada imports,65.82509,,,
2020,Burkina Faso,Canada exports,62398.497269,124.882627,86.985309,0.0
2020,Burkina Faso,Canada imports,1323.769864,698.16658,54529.300575,56.660933
2020,Burundi,Canada exports,2325.757342,493.133042,0.088039,0.017934
2020,Burundi,Canada imports,10.783087,684.246713,0.004891,0.0
2020,Cabo Verde,Canada exports,537.672376,1914.501745,,0.0
2020,Cabo Verde,Canada imports,515.175276,0.0,,0.145101
2020,Cameroon,Canada exports,24005.269815,63544.523902,1.633603,0.0
2020,Cameroon,Canada imports,9841.988085,6077.373352,162684.214133,3.097651
2020,Central African Rep.,Canada exports,646.013545,13.813894,0.0,0.0
2020,Central African Rep.,Canada imports,114.926123,117.409135,0.04728,5.427411
2020,Chad,Canada exports,10775.214227,364.567471,1.002661,0.994509
2020,Chad,Canada imports,113.24687,51.300366,0.0,1.625452
2020,Comoros,Canada exports,1275.878544,879.048221,7.005583,
2020,Comoros,Canada imports,78.897178,882.936588,0.0,
2020,Congo,Canada exports,9493.503946,5437.333383,0.0,0.348893
2020,Congo,Canada imports,2839.184891,468.076303,2.362367,1157.659129
2020,Côte d'Ivoire,Canada exports,39699.663513,16150.374488,299.608093,5.192642
2020,Côte d'Ivoire,Canada imports,19809.766898,311515.630644,64382.99289,1.623821
2020,Dem. Rep. of the Congo,Canada exports,32857.300721,4820.595904,2738.423185,0.335851
2020,Dem. Rep. of the Congo,Canada imports,183832.464737,1573.17155,0.604857,100.844853
2020,Djibouti,Canada exports,4280.559531,1.392313,0.0,
2020,Djibouti,Canada imports,58.35812,524.319869,0.04728,
2020,Egypt,Canada exports,697359.912501,275383.517442,78683.642412,41896.583017
2020,Egypt,Canada imports,125662.427765,47700.57397,13049.115256,1350131.306394
2020,Equatorial Guinea,Canada exports,1730.326812,2043.602069,0.0,
2020,Equatorial Guinea,Canada imports,4811.185565,16.564283,8.207146,
2020,Eritrea,Canada exports,681.841958,,,0.0
2020,Eritrea,Canada imports,48.628234,,,0.030977
2020,Eswatini,Canada exports,2517.942149,6616.133167,,10.204315
2020,Eswatini,Canada imports,3755.804361,1429.416076,,1475.629772
2020,Ethiopia,Canada exports,198179.905097,21286.213472,0.254333,5851.844775
2020,Ethiopia,Canada imports,21304.011924,37640.353091,0.159774,10.378762
2020,Fr. South Antarctic Terr.,Canada exports,16.719165,,,
2020,Fr. South Antarctic Terr.,Canada imports,1.437962,,,
2020,Gabon,Canada exports,19977.62536,8027.299185,9.076118,
2020,Gabon,Canada imports,25987.505782,92.9866,60.599841,
2020,Gambia,Canada exports,3027.673711,747.77465,130.965436,0.0
2020,Gambia,Canada imports,207.518181,104.824519,0.011412,6.509959
2020,Ghana,Canada exports,158763.0278,173024.033907,1582.043876,15.993663
2020,Ghana,Canada imports,11507.472904,111345.985113,4240.601459,403.491904
2020,Guinea,Canada exports,26727.047201,1599.336922,0.0,0.0
2020,Guinea,Canada imports,513.215604,490.193534,73449.808415,0.016303
2020,Guinea-Bissau,Canada exports,360.199782,0.0,,
2020,Guinea-Bissau,Canada imports,30.67816,0.311395,,
2020,Kenya,Canada exports,121197.460163,81730.467759,22.216681,5.023086
2020,Kenya,Canada imports,11754.854597,20537.449203,82.1383,106.192377
2020,Lesotho,Canada exports,277.639224,60.862326,,0.0
2020,Lesotho,Canada imports,11042.308393,36.935416,,1.397204
2020,Liberia,Canada exports,5588.480832,2935.034373,1.708599,0.070105
2020,Liberia,Canada imports,29776.875639,5.605118,0.065214,1.597736
2020,Libya,Canada exports,54968.343734,7404.428356,308.832572,0.0
2020,Libya,Canada imports,15.26816,57.864126,0.0,0.211945
2020,Madagascar,Canada exports,17940.650635,0.0,8.159866,0.0
2020,Madagascar,Canada imports,16962.870486,43050.001624,76589.84698,546.544701
2020,Malawi,Canada exports,4965.761625,14827.429578,3.161235,28.095697
2020,Malawi,Canada imports,84.47132,1191.141478,0.0,1.108633
2020,Mali,Canada exports,46939.265844,162.688645,338.40536,0.0
2020,Mali,Canada imports,5331.842054,3029.101891,0.771152,0.402695
2020,Mauritania,Canada exports,45619.335438,7899.646606,0.645616,0.0
2020,Mauritania,Canada imports,247.358867,255.748611,0.016303,943348.590897
2020,Mauritius,Canada exports,7654.679452,5418.858339,1.085808,307.388089
2020,Mauritius,Canada imports,9226.845081,5731.580909,0.0,27.764738
2020,Morocco,Canada exports,112519.558018,688332.980052,34395.827487,0.842887
2020,Morocco,Canada imports,261799.113371,203339.344923,7549.261488,241.545065
2020,Mozambique,Canada exports,10786.802703,69217.758103,0.0,0.0
2020,Mozambique,Canada imports,529.967376,9911.699912,28234.180087,236.112763
2020,Namibia,Canada exports,10150.26145,5448.933272,9.41523,0.089669
2020,Namibia,Canada imports,163248.994218,3076.745398,121847.249582,456.949214
2020,Niger,Canada exports,9312.793492,801.373799,0.446714,0.0
2020,Niger,Canada imports,204770.474489,217.008406,75234.647369,115.932045
2020,Nigeria,Canada exports,521400.254037,439992.797941,233.360744,40.916713
2020,Nigeria,Canada imports,3583.041827,54150.602923,682268.373914,13.339465
2020,Rwanda,Canada exports,6229.872355,860.607413,12.620483,0.125536
2020,Rwanda,Canada imports,332.492107,4121.338624,4.980697,0.533122
2020,Saint Helena,Canada exports,452.583156,36.570219,,
2020,Saint Helena,Canada imports,117.661838,0.347263,,
2020,Sao Tome and Principe,Canada exports,40.602057,0.0,,
2020,Sao Tome and Principe,Canada imports,406.687376,0.598336,,
2020,Senegal,Canada exports,96292.585135,14009.400196,100.763336,1.323838
2020,Senegal,Canada imports,6681.884891,2333.07269,226.948606,4.098682
2020,Seychelles,Canada exports,4604.418972,160.215415,0.149992,0.034237
2020,Seychelles,Canada imports,955.868342,498.416983,0.0,0.0
2020,Sierra Leone,Canada exports,6626.207055,3346.19378,0.0,0.0
2020,Sierra Leone,Canada imports,4144.944358,98.469443,0.448344,36.963132
2020,Somalia,Canada exports,3145.343701,54.799082,,0.0
2020,Somalia,Canada imports,326.523422,175.442817,,0.262485
2020,South Africa,Canada exports,317126.968882,109057.688157,1696.583608,29408.295895
2020,South Africa,Canada imports,243394.824226,344687.329928,93222.255136,1652926.35252
2020,South Sudan,Canada exports,1428.830783,116.81243,,
2020,South Sudan,Canada imports,4.168786,0.0,,
2020,Sudan,Canada exports,10861.377842,75421.732463,0.0,
2020,Sudan,Canada imports,97.629817,745.389459,6.511589,
2020,Togo,Canada exports,19559.251687,20724.77885,0.0,0.0
2020,Togo,Canada imports,1728.143783,1599.801569,0.19238,1.604257
2020,Tunisia,Canada exports,41019.580876,185365.358669,5767.903316,0.8543
2020,Tunisia,Canada imports,91588.998933,95879.265524,1568.001733,32.544903
2020,Uganda,Canada exports,44179.819389,7365.15992,39.5244,4.103573
2020,Uganda,Canada imports,1624.528978,15715.769122,330.170499,37.757108
2020,United Rep. of Tanzania,Canada exports,39027.173201,12181.768005,200.789756,12.897642
2020,United Rep. of Tanzania,Canada imports,16779.509094,30044.70346,34.734453,138.504141
2020,Zambia,Canada exports,14802.257085,904.809267,43.058983,0.0
2020,Zambia,Canada imports,132288.06257,286.733276,11.969977,435.599875
2020,Zimbabwe,Canada exports,4614.911859,19999.794761,2.846578,0.327699
2020,Zimbabwe,Canada imports,3088.986012,5601.898553,1650.226441,14.355168
2021,Algeria,Canada exports,53011.479914,785369.46432,381508.223654,0.0
2021,Algeria,Canada imports,15045.743657,9094.177887,40659.161965,2.200425
2021,Angola,Canada exports,50074.220014,38421.699294,115.976232,0.001414
2021,Angola,Canada imports,643.95085,5.633992,575807.481753,0.378993
2021,Benin,Canada exports,26352.900957,6044.054309,0.0,1.134152
2021,Benin,Canada imports,111.769122,673.369508,0.093334,0.031111
2021,Botswana,Canada exports,10533.654333,22.807485,0.0,303408.119617
2021,Botswana,Canada imports,743.671375,20.981812,0.073536,7112.11295
2021,Br. Indian Ocean Terr.,Canada exports,101.380743,,,
2021,Br. Indian Ocean Terr.,Canada imports,279.350684,,,
2021,Burkina Faso,Canada exports,51890.939168,3591.603372,186.982349,13.761138
2021,Burkina Faso,Canada imports,404.985593,3441.45268,11.502733,0.0
2021,Burundi,Canada exports,2623.055961,602.777739,0.070708,0.008485
2021,Burundi,Canada imports,49.90693,562.338574,0.014142,0.0
2021,Cabo Verde,Canada exports,98.024954,1682.278305,0.0,0.0
2021,Cabo Verde,Canada imports,732.114904,0.090506,7.479464,0.008485
2021,Cameroon,Canada exports,25330.734461,78313.606027,135.04045,4.635599
2021,Cameroon,Canada imports,9442.600124,3662.937572,99328.783298,2.118404
2021,Central African Rep.,Canada exports,1566.310557,36.999941,0.168284,0.0
2021,Central African Rep.,Canada imports,175.673354,98.618899,0.0,4.885904
2021,Chad,Canada exports,1338.1254,170.03512,4.06428,0.0
2021,Chad,Canada imports,106.304829,3.594781,0.0,1.513145
2021,Comoros,Canada exports,777.215122,140.549997,,0.0
2021,Comoros,Canada imports,26.686511,107.767065,,0.070708
2021,Congo,Canada exports,17881.866049,5402.681463,0.0,0.0
2021,Congo,Canada imports,2053.888435,1708.07107,0.238992,19.308867
2021,Côte d'Ivoire,Canada exports,60891.853559,10258.762478,451.495723,0.238992
2021,Côte d'Ivoire,Canada imports,24653.097034,298143.629341,4.570548,2.116989
2021,Dem. Rep. of the Congo,Canada exports,33707.121416,2240.0732,19.945236,0.220608
2021,Dem. Rep. of the Congo,Canada imports,286921.956272,1633.646942,0.388893,20.500999
2021,Djibouti,Canada exports,1305.041254,224.099664,249.451214,3282.760494
2021,Djibouti,Canada imports,113.746111,346.059185,0.154143,0.0
2021,Egypt,Canada exports,282203.087849,225638.056635,132661.432335,78823.415829
2021,Egypt,Canada imports,282874.814109,48167.092543,109256.412993,1028061.065749
2021,Equatorial Guinea,Canada exports,11368.549993,1130.486495,0.0,
2021,Equatorial Guinea,Canada imports,15883.944197,0.038182,3280.857042,
2021,Eritrea,Canada exports,2011.903599,,,
2021,Eritrea,Canada imports,22.141418,,,
2021,Eswatini,Canada exports,1090.56774,2747.220149,0.804654,0.0
2021,Eswatini,Canada imports,1575.772666,725.981715,0.0,34.257895
2021,Ethiopia,Canada exports,98567.054583,5473.513638,0.526066,1630.931766
2021,Ethiopia,Canada imports,17352.928392,39891.959057,0.387478,21.346664
2021,Fr. South Antarctic Terr.,Canada exports,16.053483,55.256677,,
2021,Fr. South Antarctic Terr.,Canada imports,4.511153,0.0,,
2021,Gabon,Canada exports,13603.164556,8909.131516,14.667611,
2021,Gabon,Canada imports,2531.314096,26.325902,0.002828,
2021,Gambia,Canada exports,4731.445914,870.105281,0.070708,
2021,Gambia,Canada imports,400.514036,184.323738,0.0,
2021,Ghana,Canada exports,301017.393699,355377.537293,2177.109381,11542.124742
2021,Ghana,Canada imports,23016.471882,99532.465399,1128970.31812,1781.676403
2021,Guinea,Canada exports,34205.397373,3659.215517,25.972363,0.0
2021,Guinea,Canada imports,1149.51536,273.498913,87277.144313,4.669538
2021,Guinea-Bissau,Canada exports,87.633746,185.788802,0.0,
2021,Guinea-Bissau,Canada imports,14.649227,0.0,0.029697,
2021,Kenya,Canada exports,52101.130622,61934.680854,31.399889,3.422254
2021,Kenya,Canada imports,12601.841285,27231.451569,0.04101,208.166385
2021,Lesotho,Canada exports,1276.365027,39.798553,0.0,0.0
2021,Lesotho,Canada imports,10352.956487,42.744237,0.028283,0.012727
2021,Liberia,Canada exports,24529.163354,1952.941837,0.58546,
2021,Liberia,Canada imports,31932.204672,79.768218,0.0,
2021,Libya,Canada exports,62069.725547,19698.382979,590.263885,0.0
2021,Libya,Canada imports,4.902874,240.666485,0.001414,0.801826
2021,Madagascar,Canada exports,9922.087623,3827.317488,1.416983,34.590221
2021,Madagascar,Canada imports,11876.855134,96020.399738,108879.744432,1244.687964
2021,Malawi,Canada exports,4307.847219,5624.016455,2.67558,0.0
2021,Malawi,Canada imports,37.086204,1961.708182,0.070708,6.647941
2021,Mali,Canada exports,51914.931715,20100.164097,118.804542,26.331559
2021,Mali,Canada imports,814.162739,5538.45586,3.748924,13.595682
2021,Mauritania,Canada exports,40328.200294,6619.034011,0.0,0.0
2021,Mauritania,Canada imports,183.891007,532.068595,1.914765,475965.859534
2021,Mauritius,Canada exports,7063.56078,6343.046187,0.675966,73.800486
2021,Mauritius,Canada imports,5405.91422,8872.543094,0.0,10.491613
2021,Morocco,Canada exports,137123.853722,588719.77381,26955.086165,5.557628
2021,Morocco,Canada imports,506824.579454,209217.321981,2019.564074,466.844957
2021,Mozambique,Canada exports,28736.478323,43684.848951,5.851772,0.0
2021,Mozambique,Canada imports,423.542129,9016.28908,33944.166251,725.39767
2021,Namibia,Canada exports,11247.610078,4617.687076,553.753242,0.015556
2021,Namibia,Canada imports,51683.286121,3170.635004,62357.117114,35.172853
2021,Niger,Canada exports,7059.447005,516.16077,0.0,19.820791
2021,Niger,Canada imports,93458.876471,280.976962,50400.645077,0.148486
2021,Nigeria,Canada exports,289213.98834,444406.676319,111.998216,13.092243
2021,Nigeria,Canada imports,2330.055857,66313.788737,2055699.371396,51.810382
2021,Rwanda,Canada exports,15353.213392,1600.386026,4.70065,0.168284
2021,Rwanda,Canada imports,279.128662,1932.040632,0.0,24.578007
2021,Saint Helena,Canada exports,146.854298,12.257892,,
2021,Saint Helena,Canada imports,344.456948,596.981119,,
2021,Sao Tome and Principe,Canada exports,58.390443,40.432094,0.1499,
2021,Sao Tome and Principe,Canada imports,500.153954,0.007071,0.004242,
2021,Senegal,Canada exports,169343.482487,14093.357206,171.73352,3.208717
2021,Senegal,Canada imports,2308.195855,3509.40705,105.918765,3.340233
2021,Seychelles,Canada exports,2379.115708,93.547741,2.68548,0.84425
2021,Seychelles,Canada imports,1115.608175,1498.766291,0.0,0.0
2021,Sierra Leone,Canada exports,8973.611309,1976.937213,5.206917,
2021,Sierra Leone,Canada imports,3485.708648,162.301109,0.888089,
2021,Somalia,Canada exports,3421.634717,42.085241,,0.0
2021,Somalia,Canada imports,343.881387,100.310228,,0.229093
2021,South Africa,Canada exports,469400.672287,96647.465582,29022.594323,1228.057506
2021,South Africa,Canada imports,385029.293237,331330.869345,50060.0417,1080784.314088
2021,South Sudan,Canada exports,2455.908545,44.425667,,
2021,South Sudan,Canada imports,14.340942,0.0,,
2021,Sudan,Canada exports,4426.262868,46200.069968,0.0,
2021,Sudan,Canada imports,52.55847,397.856839,1.870927,
2021,Togo,Canada exports,25444.565421,30342.088236,0.0,7.616637
2021,Togo,Canada imports,715.579194,14692.678751,0.322427,3.393971
2021,Tunisia,Canada exports,56490.202638,205197.007745,28.407537,0.0
2021,Tunisia,Canada imports,112218.249486,82472.617718,2422.168231,3.798419
2021,Uganda,Canada exports,39681.776088,5619.551969,0.516166,3.00225
2021,Uganda,Canada imports,1091.694821,20634.400591,449.07469,0.789098
2021,United Rep. of Tanzania,Canada exports,113944.745576,12597.93539,280.515948,10.015043
2021,United Rep. of Tanzania,Canada imports,4841.479869,22455.537564,29.482295,241.080833
2021,Zambia,Canada exports,13676.685039,3118.458356,70.584698,0.0
2021,Zambia,Canada imports,154296.866296,231.888828,0.05798,788.739068
2021,Zimbabwe,Canada exports,5702.079203,15394.435998,2.326284,0.288488
2021,Zimbabwe,Canada imports,2736.715809,5994.977488,1723.983138,42.758378
2022,Algeria,Canada exports,89979.361819,799342.605079,388062.213066,0.0
2022,Algeria,Canada imports,281050.816862,8888.463442,9153.971862,0.082982
2022,Angola,Canada exports,134903.937567,54788.758893,165565.613635,5.221092
2022,Angola,Canada imports,4023.701232,1.723586,277045.198998,104.518416
2022,Benin,Canada exports,21972.818028,6554.069628,0.180929,0.0
2022,Benin,Canada imports,331.008767,6242.07064,0.054415,1.973894
2022,Botswana,Canada exports,8326.417975,5.47276,0.069379,397496.189426
2022,Botswana,Canada imports,362.68357,21.442117,0.663859,10072.573802
2022,Br. Indian Ocean Terr.,Canada exports,193.218476,,,0.0
2022,Br. Indian Ocean Terr.,Canada imports,32.748133,,,4.293321
2022,Burkina Faso,Canada exports,35874.201334,1556.770867,147.33055,1.048844
2022,Burkina Faso,Canada imports,3231.22715,364.473814,83930.663376,0.0
2022,Burundi,Canada exports,4209.436325,1813.37976,0.009523,0.274794
2022,Burundi,Canada imports,64.65964,592.011648,0.00136,0.046253
2022,Cabo Verde,Canada exports,127.296414,1320.753861,,0.0
2022,Cabo Verde,Canada imports,327.894885,0.054415,,0.00136
2022,Cameroon,Canada exports,24803.037327,37324.228223,6.914749,35.943637
2022,Cameroon,Canada imports,17599.821965,2297.969967,8.76621,50.424752
2022,Central African Rep.,Canada exports,733.942899,66.789976,,0.0
2022,Central African Rep.,Canada imports,340.777568,34.184682,,0.699229
2022,Chad,Canada exports,7654.064367,0.0,,0.0
2022,Chad,Canada imports,61.379794,88.912277,,0.165965
2022,Comoros,Canada exports,586.865377,201.458223,,0.0
2022,Comoros,Canada imports,483.689644,229.835495,,0.017685
2022,Congo,Canada exports,8762.127448,4544.32078,16.675388,0.0
2022,Congo,Canada imports,2129.187778,850.609399,1.92356,65.466339
2022,Côte d'Ivoire,Canada exports,68975.823512,14945.272398,186.179933,0.019045
2022,Côte d'Ivoire,Canada imports,48377.632629,309794.235616,0.976744,1.731748
2022,Dem. Rep. of the Congo,Canada exports,42614.737933,1837.549415,86.478579,12.918052
2022,Dem. Rep. of the Congo,Canada imports,100732.94797,457.603231,0.657058,36.568046
2022,Djibouti,Canada exports,1226.61233,423.893318,,15079.21965
2022,Djibouti,Canada imports,30.92252,317.975083,,0.0
2022,Egypt,Canada exports,178589.521639,202367.656528,37154.067981,73396.256959
2022,Egypt,Canada imports,266445.737074,64662.735325,14796.98823,1100300.657546
2022,Equatorial Guinea,Canada exports,1118.600489,1871.090642,0.0,
2022,Equatorial Guinea,Canada imports,24944.847505,7.446653,102594.695607,
2022,Eritrea,Canada exports,3289.816829,0.0,0.0,0.0
2022,Eritrea,Canada imports,102.024862,3.364189,0.072099,0.100667
2022,Eswatini,Canada exports,2223.410931,727.998092,1.14815,0.0
2022,Eswatini,Canada imports,1678.530584,963.824646,0.081622,432.818691
2022,Ethiopia,Canada exports,112990.005779,2097.575552,0.941374,2966.804304
2022,Ethiopia,Canada imports,22818.394066,33637.458799,7.379995,616.664233
2022,Fr. South Antarctic Terr.,Canada exports,59.046763,327.792858,,
2022,Fr. South Antarctic Terr.,Canada imports,3.245837,0.0,,
2022,Gabon,Canada exports,53383.897574,11056.448909,28.220829,7.653429
2022,Gabon,Canada imports,8870.178739,127.216152,10.722419,0.0
2022,Gambia,Canada exports,3313.338949,197.679122,,
2022,Gambia,Canada imports,172.245686,1.33316,,
2022,Ghana,Canada exports,283450.65797,279374.564893,2094.35012,634.619727
2022,Ghana,Canada imports,14512.154426,83742.95575,2394964.709139,27.29714
2022,Guinea,Canada exports,27140.106985,3246.242889,80.697016,0.685625
2022,Guinea,Canada imports,797.326514,745.482898,71347.634242,0.66522
2022,Guinea-Bissau,Canada exports,580.388666,,,
2022,Guinea-Bissau,Canada imports,22.567141,,,
2022,Kenya,Canada exports,105833.558501,29577.914597,20.757852,1.622919
2022,Kenya,Canada imports,17686.673285,20267.199801,0.673382,79.835903
2022,Lesotho,Canada exports,2411.119917,185.544641,0.0,0.0
2022,Lesotho,Canada imports,11095.03302,5.461877,0.22038,1.992939
2022,Liberia,Canada exports,12574.705044,2209.439954,0.0,
2022,Liberia,Canada imports,33429.057259,40.566167,1.512729,
2022,Libya,Canada exports,62478.120723,18106.739888,320.533935,0.0
2022,Libya,Canada imports,4.40215,155.217963,0.006802,0.096586
2022,Madagascar,Canada exports,18309.314974,12785.285894,13.860787,53.454291
2022,Madagascar,Canada imports,15802.142209,83240.427734,73353.020391,722.26006
2022,Malawi,Canada exports,2506.776898,273.631175,0.587679,0.0
2022,Malawi,Canada imports,975.668008,1603.861358,0.40675,13.53702
2022,Mali,Canada exports,28627.092346,8656.377899,166.582475,7.574528
2022,Mali,Canada imports,2429.475359,3648.147223,2.028308,0.550949
2022,Mauritania,Canada exports,25353.481578,3714.437944,2.236445,0.0
2022,Mauritania,Canada imports,295.237896,424.802044,1956.49181,799700.327388
2022,Mauritius,Canada exports,6296.735659,5002.593312,7.222192,117.724866
2022,Mauritius,Canada imports,7575.590192,12324.440906,0.0,32.459735
2022,Morocco,Canada exports,265943.164165,653253.270702,11817.265873,85.990207
2022,Morocco,Canada imports,446992.795286,233173.270389,4996.190061,507.913713
2022,Mozambique,Canada exports,16709.541521,22482.018648,70.253473,0.0
2022,Mozambique,Canada imports,205.36656,3675.02809,25661.730031,1419.900185
2022,Namibia,Canada exports,14785.297229,582.553011,30.547058,0.808058
2022,Namibia,Canada imports,97377.229484,2296.386499,111750.540695,1188.164256
2022,Niger,Canada exports,12637.419358,408.306224,0.0,0.0
2022,Niger,Canada imports,6176.30366,97.326152,14.769513,0.024487
2022,Nigeria,Canada exports,519872.73146,283299.940104,229.6328,15.592535
2022,Nigeria,Canada imports,4839.532829,73404.998683,1563517.660025,44.296295
2022,Rwanda,Canada exports,6960.712122,1601.98269,6.931074,2.085444
2022,Rwanda,Canada imports,264.229673,3995.230095,0.0,1.308674
2022,Saint Helena,Canada exports,0.0,0.0,,0.0
2022,Saint Helena,Canada imports,132.254955,0.261191,,0.044892
2022,Sao Tome and Principe,Canada exports,134.024793,0.0,,
2022,Sao Tome and Principe,Canada imports,105.061203,0.008162,,
2022,Senegal,Canada exports,74717.066595,19646.889782,26.499964,8.328171
2022,Senegal,Canada imports,3115.365987,3815.518711,113.402978,3.687957
2022,Seychelles,Canada exports,23140.168657,46.364054,0.240785,0.414912
2022,Seychelles,Canada imports,1334.945217,1259.704636,0.0,0.0
2022,Sierra Leone,Canada exports,5918.587428,3727.795395,0.063937,6.420936
2022,Sierra Leone,Canada imports,3485.93697,121.912078,0.236704,0.250308
2022,Somalia,Canada exports,2083.80863,665.821122,,
2022,Somalia,Canada imports,321.171948,116.11147,,
2022,South Africa,Canada exports,444357.184758,44318.349618,18110.96247,2919.169666
2022,South Africa,Canada imports,485808.036919,345976.418772,68843.583522,1402278.668876
2022,South Sudan,Canada exports,2142.764248,83.615005,,
2022,South Sudan,Canada imports,2.124894,0.0,,
2022,Sudan,Canada exports,11116.536353,25500.9332,1.131826,0.0
2022,Sudan,Canada imports,161.519186,232.716754,1.860983,0.051694
2022,Togo,Canada exports,27519.572052,22764.590161,0.0,0.0
2022,Togo,Canada imports,686.281053,119217.219843,0.378182,0.55503
2022,Tunisia,Canada exports,38312.50276,98173.632309,58.346174,0.0
2022,Tunisia,Canada imports,134858.667249,109056.371776,5684.795983,3.158774
2022,Uganda,Canada exports,42648.777055,3528.856573,2.656798,3.749174
2022,Uganda,Canada imports,1663.980091,44456.618758,735.831089,1.139988
2022,United Rep. of Tanzania,Canada exports,55212.543382,22787.248446,160.24044,13.64857
2022,United Rep. of Tanzania,Canada imports,3816.14448,24926.459414,366.225968,212.411905
2022,Zambia,Canada exports,26246.636479,148.670513,308.545014,0.0
2022,Zambia,Canada imports,573664.523066,259.065717,0.255749,574.598941
2022,Zimbabwe,Canada exports,7173.865427,620.153576,0.0,0.289758
2022,Zimbabwe,Canada imports,4856.198695,4339.906477,20715.726658,37.457727
2023,Algeria,Canada exports,90807.22094,1134129.578533,118292.647181,
2023,Algeria,Canada imports,208830.793577,10549.406765,13074.572374,
2023,Angola,Canada exports,46140.725415,45289.816266,94.773751,2.758968
2023,Angola,Canada imports,566.646361,19.722027,992190.027165,14.671807
2023,Benin,Canada exports,38791.014341,8081.362372,0.0,0.0
2023,Benin,Canada imports,541.815649,5126.279398,0.00696,0.107185
2023,Botswana,Canada exports,29636.029237,2.603063,106.875904,403956.246774
2023,Botswana,Canada imports,514.49602,7.10483,0.288147,3664.967379
2023,Br. Indian Ocean Terr.,Canada exports,30.085557,0.0,,
2023,Br. Indian Ocean Terr.,Canada imports,68.491171,0.164257,,
2023,Burkina Faso,Canada exports,30084.351787,3042.920329,35.734342,1.811008
2023,Burkina Faso,Canada imports,4268.400444,1636.709718,55.807157,0.413428
2023,Burundi,Canada exports,2179.448271,819.108633,0.0348,
2023,Burundi,Canada imports,17.557448,1708.447061,0.0,
2023,Cabo Verde,Canada exports,33.956743,2105.188602,,28.625337
2023,Cabo Verde,Canada imports,469.77624,0.130849,,0.011136
2023,Cameroon,Canada exports,64642.328359,43195.961427,225.951402,21.045831
2023,Cameroon,Canada imports,13176.037527,3418.43647,12.622766,2.999786
2023,Central African Rep.,Canada exports,2934.144329,428.310984,,0.0
2023,Central African Rep.,Canada imports,1279.836794,86.350686,,53.018956
2023,Chad,Canada exports,2702.424428,19.499305,3.311597,0.0
2023,Chad,Canada imports,41.138133,51.58936,0.0,6.332263
2023,Comoros,Canada exports,1143.266488,97.375422,0.0,0.0
2023,Comoros,Canada imports,46.537748,1084.274408,0.019488,5.808866
2023,Congo,Canada exports,17699.343225,5599.907335,4.290181,0.0
2023,Congo,Canada imports,2159.482641,425.227677,237071.56873,179.655864
2023,Côte d'Ivoire,Canada exports,104187.817428,22816.060891,397.50854,0.0
2023,Côte d'Ivoire,Canada imports,38344.935715,355212.439265,37580.136434,1.897312
2023,Dem. Rep. of the Congo,Canada exports,41234.89062,2624.815578,156.853314,0.0
2023,Dem. Rep. of the Congo,Canada imports,171460.433365,426.445687,9.595139,8.365993
2023,Djibouti,Canada exports,661.548177,0.0,10.18396,
2023,Djibouti,Canada imports,17.52404,521.053789,0.0,
2023,Egypt,Canada exports,294643.74937,157080.716025,74796.54846,18462.241018
2023,Egypt,Canada imports,224590.601815,84150.172297,5859.062401,589360.397022
2023,Equatorial Guinea,Canada exports,5541.154681,3082.268335,,
2023,Equatorial Guinea,Canada imports,21698.568899,0.001392,,
2023,Eritrea,Canada exports,4922.530588,0.0,,
2023,Eritrea,Canada imports,16.304638,652.505666,,
2023,Eswatini,Canada exports,1376.603907,476.803117,0.260306,1.755327
2023,Eswatini,Canada imports,2112.010853,252.279919,0.0,47.159978
2023,Ethiopia,Canada exports,56069.474359,1078.860873,10.740765,0.0
2023,Ethiopia,Canada imports,24066.93409,47390.290123,0.141985,44.774069
2023,Fr. South Antarctic Terr.,Canada exports,181.532296,0.0,,
2023,Fr. South Antarctic Terr.,Canada imports,2.770104,0.069601,,
2023,Gabon,Canada exports,21652.738293,11934.066246,21.620732,0.236642
2023,Gabon,Canada imports,8755.47485,208.865846,0.0,0.0
2023,Gambia,Canada exports,4826.753197,2448.123308,0.562373,
2023,Gambia,Canada imports,210.250898,3.921298,0.0,
2023,Ghana,Canada exports,196719.255534,283877.664788,838.564786,5.47896
2023,Ghana,Canada imports,17536.818853,87034.752644,1131196.824824,17.340295
2023,Guinea,Canada exports,36285.423206,3913.463809,107.480037,0.0
2023,Guinea,Canada imports,2442.002631,222.245866,80525.358899,3.979763
2023,Guinea-Bissau,Canada exports,72.132674,83.32306,,
2023,Guinea-Bissau,Canada imports,8.484314,0.029232,,
2023,Kenya,Canada exports,120950.275269,51558.350159,23.605741,72.063074
2023,Kenya,Canada imports,21378.916987,19816.810765,5.350894,103.619988
2023,Lesotho,Canada exports,87.802554,31.506802,,0.0
2023,Lesotho,Canada imports,10905.012957,0.803191,,84.279372
2023,Liberia,Canada exports,27360.172993,3392.911145,0.0,
2023,Liberia,Canada imports,40326.335466,90.805125,0.001392,
2023,Libya,Canada exports,135078.792892,1262.492324,633.249963,0.65007
2023,Libya,Canada imports,7.699219,146.843355,1.727487,0.0
2023,Madagascar,Canada exports,18344.39049,873.379009,10.1074,117.193498
2023,Madagascar,Canada imports,19117.48338,29504.123564,120161.576532,952.502368
2023,Malawi,Canada exports,3354.305081,14056.734344,0.46354,0.0
2023,Malawi,Canada imports,140.817335,2038.722809,1.140058,6.16383
2023,Mali,Canada exports,34311.04198,140.103233,226.476191,47.262986
2023,Mali,Canada imports,1550.111253,5508.851648,4.713353,4.297141
2023,Mauritania,Canada exports,31930.209928,4175.109186,5.675233,0.0
2023,Mauritania,Canada imports,1439.268115,681.402445,0.360531,824106.294963
2023,Mauritius,Canada exports,4947.302835,2400.771233,3.400686,646.159483
2023,Mauritius,Canada imports,6201.408286,19262.858163,0.0,71.155482
2023,Morocco,Canada exports,231912.738522,705798.199232,6045.209218,67.039302
2023,Morocco,Canada imports,555637.364612,244433.994443,4109.645641,450.840699
2023,Mozambique,Canada exports,15222.217345,89836.928658,116.929015,0.0
2023,Mozambique,Canada imports,263.342239,6165.472102,23857.102188,565.110972
2023,Namibia,Canada exports,18118.969445,283.536158,55.150127,1648.703294
2023,Namibia,Canada imports,110862.90098,4102.624332,180510.598567,125.768292
2023,Niger,Canada exports,10735.321116,1080.414359,0.0,0.0
2023,Niger,Canada imports,3595.396007,95.447485,1.220795,0.061249
2023,Nigeria,Canada exports,266976.029402,410895.431212,240.298871,14.073242
2023,Nigeria,Canada imports,15177.042377,59151.03416,2771410.325861,56.845598
2023,Rwanda,Canada exports,2204.768971,4776.48764,0.0,0.0
2023,Rwanda,Canada imports,169.91178,3608.262375,1.994753,0.02088
2023,Saint Helena,Canada exports,0.0,0.0,,0.0
2023,Saint Helena,Canada imports,57.302178,0.018096,,15.41375
2023,Sao Tome and Principe,Canada exports,56.901278,280.715942,,
2023,Sao Tome and Principe,Canada imports,76.763899,0.080737,,
2023,Senegal,Canada exports,94486.424427,21397.491996,43.707788,0.0348
2023,Senegal,Canada imports,4770.049584,4120.411462,11.223793,25.170363
2023,Seychelles,Canada exports,2457.085082,7.848164,0.073777,0.69183
2023,Seychelles,Canada imports,898.955839,454.606092,0.0,0.0
2023,Sierra Leone,Canada exports,11546.393663,2026.414638,0.047328,0.0
2023,Sierra Leone,Canada imports,1909.759849,36.868832,0.0,120.264276
2023,Somalia,Canada exports,2574.813112,556.267519,0.780919,
2023,Somalia,Canada imports,335.564002,66.893141,0.107185,
2023,South Africa,Canada exports,418465.47692,66391.450013,22393.571302,7803.225829
2023,South Africa,Canada imports,494037.589091,310825.799419,94358.790839,1888953.702971
2023,South Sudan,Canada exports,2520.095901,0.0,0.0,
2023,South Sudan,Canada imports,27.046795,42.925477,16.193277,
2023,Sudan,Canada exports,4049.989571,70205.067579,25.035337,
2023,Sudan,Canada imports,229.563674,44.100335,0.599957,
2023,Togo,Canada exports,48412.478008,36090.800428,1.712175,6.041332
2023,Togo,Canada imports,2060.012242,53299.821315,4.862298,6.300247
2023,Tunisia,Canada exports,45775.561668,219439.026773,48.31674,34.599852
2023,Tunisia,Canada imports,136906.089944,109449.701076,19.023237,1.389228
2023,Uganda,Canada exports,40032.346689,12657.068973,18.618162,6.046901
2023,Uganda,Canada imports,2338.274066,36786.273332,531.818218,0.929864
2023,United Rep. of Tanzania,Canada exports,83569.055971,24144.55686,380.892092,20.571155
2023,United Rep. of Tanzania,Canada imports,3530.443331,18958.423727,1.095514,168.652009
2023,Zambia,Canada exports,46502.143258,843.754207,156.719681,2.728344
2023,Zambia,Canada imports,252821.882053,542.33487,30615.881859,304.126801
2023,Zimbabwe,Canada exports,5295.065039,20930.309075,0.0,0.0
2023,Zimbabwe,Canada imports,3314.607681,4197.079312,59837.79446,1083.091198
2024,Algeria,Canada exports,72786.746937,894288.162411,346512.372222,0.0
2024,Algeria,Canada imports,178403.848861,20180.360709,0.056144,0.242377
2024,Angola,Canada exports,89653.726862,22038.120348,350.00697,4.262817
2024,Angola,Canada imports,3421.134329,31.482949,995371.585502,147.302023
2024,Benin,Canada exports,66368.589518,4046.073123,2064.383693,0.06436
2024,Benin,Canada imports,347.877616,8809.186805,0.056144,0.176647
2024,Botswana,Canada exports,5343.8605,0.0,0.0,257798.302725
2024,Botswana,Canada imports,3474.529772,41.839416,19.264152,3583.575993
2024,Br. Indian Ocean Terr.,Canada exports,40.353661,,,
2024,Br. Indian Ocean Terr.,Canada imports,113.9677,,,
2024,Burkina Faso,Canada exports,37600.26891,160.283553,158.645799,0.0
2024,Burkina Faso,Canada imports,5159.429658,2854.16327,79.503655,6.472963
2024,Burundi,Canada exports,1371.502748,1084.113858,,
2024,Burundi,Canada imports,36.199024,738.075293,,
2024,Cabo Verde,Canada exports,68.096889,1929.787959,0.0,0.0
2024,Cabo Verde,Canada imports,615.961272,0.0,0.267025,0.001369
2024,Cameroon,Canada exports,32967.149914,65882.420266,1.311847,0.0
2024,Cameroon,Canada imports,12223.299058,17246.736235,21.437326,13.916803
2024,Central African Rep.,Canada exports,2580.295438,127.915998,,0.0
2024,Central African Rep.,Canada imports,140.511368,39.077418,,2.956448
2024,Chad,Canada exports,1353.803774,45.900937,2.641495,0.0
2024,Chad,Canada imports,38.674826,27.079088,0.138305,0.002739
2024,Comoros,Canada exports,489.517336,0.0,,
2024,Comoros,Canada imports,30.913295,422.798024,,
2024,Congo,Canada exports,12833.340588,4472.332888,8.946027,0.0
2024,Congo,Canada imports,1693.821265,246.617574,6.82215,130.847797
2024,Côte d'Ivoire,Canada exports,93992.132264,10799.029403,223.93413,2.126616
2024,Côte d'Ivoire,Canada imports,33861.536247,467529.795888,134301.588962,1.257072
2024,Dem. Rep. of the Congo,Canada exports,18746.133071,1233.650676,3.626064,0.0
2024,Dem. Rep. of the Congo,Canada imports,220318.927736,320.820437,2.674359,7.701279
2024,Djibouti,Canada exports,1670.009469,0.0,,
2024,Djibouti,Canada imports,40.76173,491.606979,,
2024,Egypt,Canada exports,250420.482966,165677.549752,105547.657586,2.867439
2024,Egypt,Canada imports,219192.562284,92971.199292,4933.182679,9560.703733
2024,Equatorial Guinea,Canada exports,1350.888407,2810.093166,,
2024,Equatorial Guinea,Canada imports,18561.003855,0.0,,
2024,Eritrea,Canada exports,4435.279384,0.0,,0.0
2024,Eritrea,Canada imports,36.949433,0.317691,,0.091747
2024,Eswatini,Canada exports,755.34018,191.561098,0.0,
2024,Eswatini,Canada imports,2057.612209,148.129116,13.600481,
2024,Ethiopia,Canada exports,31121.67617,159.659125,0.0,24.469088
2024,Ethiopia,Canada imports,19015.313584,42924.631097,2.371731,8.310644
2024,Fr. South Antarctic Terr.,Canada exports,0.0,61.011821,,0.0
2024,Fr. South Antarctic Terr.,Canada imports,10.323603,0.125981,,4.357303
2024,Gabon,Canada exports,13573.675324,6019.402613,,
2024,Gabon,Canada imports,2289.863831,1.878762,,
2024,Gambia,Canada exports,6387.439942,416.64686,0.239638,
2024,Gambia,Canada imports,99.429208,0.02191,0.0,
2024,Ghana,Canada exports,126157.513857,166504.189752,3344.255737,0.398484
2024,Ghana,Canada imports,13411.188472,146745.986207,9.095287,268.52596
2024,Guinea,Canada exports,45340.592416,14899.063515,1.270766,1.19682
2024,Guinea,Canada imports,1395.23786,466.123195,60524.065094,0.40533
2024,Guinea-Bissau,Canada exports,152.84656,99.342938,,
2024,Guinea-Bissau,Canada imports,26.916134,72.525398,,
2024,Kenya,Canada exports,130130.011284,51437.647309,30.36829,2.88661
2024,Kenya,Canada imports,22370.47901,20953.605267,2.983835,75.233991
2024,Lesotho,Canada exports,329.398106,15.927023,0.776427,0.0
2024,Lesotho,Canada imports,12593.665668,8.213419,0.0,157.366817
2024,Liberia,Canada exports,9917.04673,9236.800867,0.0,
2024,Liberia,Canada imports,18442.948617,19.753014,0.013694,
2024,Libya,Canada exports,88519.572492,12840.637906,210.485649,0.0
2024,Libya,Canada imports,86.6791,114.874216,0.027387,3.954711
2024,Madagascar,Canada exports,12534.643526,165.243374,8.375004,16.619919
2024,Madagascar,Canada imports,20766.082411,33952.157733,93131.595133,848.615485
2024,Malawi,Canada exports,2751.913181,12921.327426,0.0,0.0
2024,Malawi,Canada imports,55.820579,1088.905248,0.267025,1.062623
2024,Mali,Canada exports,20923.665586,130.017965,82.697002,0.0
2024,Mali,Canada imports,525.413731,6597.595575,1.135199,0.253332
2024,Mauritania,Canada exports,31510.515443,8588.016043,55.769913,3.107077
2024,Mauritania,Canada imports,69.208809,827.156249,7.828629,968903.7262
2024,Mauritius,Canada exports,6060.150649,4349.167199,19.909121,3686.041071
2024,Mauritius,Canada imports,5485.068872,8462.744279,0.0,93.480709
2024,Morocco,Canada exports,232297.090867,709713.707608,109665.207178,64.454392
2024,Morocco,Canada imports,689665.584596,254654.043342,3215.689293,452.454247
2024,Mozambique,Canada exports,10092.28506,47466.901294,13.718245,0.0
2024,Mozambique,Canada imports,761.32702,6320.107156,25887.365816,789.550893
2024,Namibia,Canada exports,19257.504018,153.872211,34913.308568,0.853111
2024,Namibia,Canada imports,65497.834225,3395.588924,186640.714519,363.481469
2024,Niger,Canada exports,4889.964318,548.147841,0.0,0.0
2024,Niger,Canada imports,967.184234,242.995617,0.026018,0.261548
2024,Nigeria,Canada exports,195556.927739,316763.358647,110.349851,10.314017
2024,Nigeria,Canada imports,5569.803481,123393.930993,1870173.496465,26.319093
2024,Rwanda,Canada exports,4245.833947,1405.179411,2.490865,1.624061
2024,Rwanda,Canada imports,444.318881,2495.72926,0.0,0.375205
2024,Saint Helena,Canada exports,2.54427,,0.0,0.0
2024,Saint Helena,Canada imports,53.521424,,3.563074,11.239704
2024,Sao Tome and Principe,Canada exports,137.947927,0.0,,
2024,Sao Tome and Principe,Canada imports,165.196815,3.349454,,
2024,Senegal,Canada exports,107849.281478,5079.324854,25.014094,3.669884
2024,Senegal,Canada imports,4747.011381,2256.080358,0.097225,9.077485
2024,Seychelles,Canada exports,3103.336069,128.180284,0.028757,2.829097
2024,Seychelles,Canada imports,1508.401745,386.244336,0.0,0.0
2024,Sierra Leone,Canada exports,11424.243439,4417.009387,0.0,0.0
2024,Sierra Leone,Canada imports,2154.929865,388.983055,97.984533,218.092442
2024,Somalia,Canada exports,6462.730077,0.0,,
2024,Somalia,Canada imports,372.938267,52.410873,,
2024,South Africa,Canada exports,533349.680235,72798.09482,25372.887791,167.821878
2024,South Africa,Canada imports,473457.799218,354546.416537,29481.961046,1362110.537062
2024,South Sudan,Canada exports,255.60742,0.0,0.0,
2024,South Sudan,Canada imports,92.215421,37.680671,10.193514,
2024,Sudan,Canada exports,740.549726,85.606891,0.0,
2024,Sudan,Canada imports,254.920002,79.224305,0.013694,
2024,Togo,Canada exports,34907.481943,25560.739293,0.0,1.629538
2024,Togo,Canada imports,299.835,20311.313946,0.21362,0.32043
2024,Tunisia,Canada exports,69722.538952,30783.355316,25.805584,0.0
2024,Tunisia,Canada imports,145837.981591,179864.709176,1577.76803,8.151798
2024,Uganda,Canada exports,46424.298205,14330.006921,61.660898,3.083798
2024,Uganda,Canada imports,2719.475788,13428.237,582.631057,24.282856
2024,United Rep. of Tanzania,Canada exports,72576.613213,21890.044636,57.344676,2.856484
2024,United Rep. of Tanzania,Canada imports,16653.837719,24411.883478,0.173909,76.230885
2024,Zambia,Canada exports,33447.466522,609.339049,307.308965,13.912695
2024,Zambia,Canada imports,1943.255612,323.885064,116530.196252,466.357356
2024,Zimbabwe,Canada exports,5028.357286,5848.640719,0.052036,0.0
2024,Zimbabwe,Canada imports,606.716725,4593.31171,641.130103,23.709094
